<?xml version="1.0" encoding="UTF-8"?>

<!-- generated on 2022-03-13 18:00:50 by Eclipse SUMO netedit Version 1.10.0
<configuration xmlns:xsi="http://www.w3.org/2001/XMLSchema-instance" xsi:noNamespaceSchemaLocation="http://sumo.dlr.de/xsd/netconvertConfiguration.xsd">

    <input>
        <sumo-net-file value="C:\Barney\Prog\2022_01_Onlab\SUMO\LongStraightHighway\LongStraightHighway.net.xml"/>
    </input>

    <output>
        <output-file value="C:\Barney\Prog\2022_01_Onlab\SUMO\LongStraightHighway\LongStraightHighway.net.xml"/>
    </output>

    <processing>
        <geometry.min-radius.fix.railways value="false"/>
        <geometry.max-grade.fix value="false"/>
        <offset.disable-normalization value="true"/>
        <lefthand value="false"/>
    </processing>

    <junctions>
        <no-turnarounds value="true"/>
        <junctions.corner-detail value="5"/>
        <junctions.limit-turn-speed value="5.5"/>
        <rectangular-lane-cut value="false"/>
    </junctions>

    <pedestrian>
        <walkingareas value="false"/>
    </pedestrian>

    <report>
        <aggregate-warnings value="5"/>
    </report>

</configuration>
-->

<net version="1.9" junctionCornerDetail="5" limitTurnSpeed="5.50" xmlns:xsi="http://www.w3.org/2001/XMLSchema-instance" xsi:noNamespaceSchemaLocation="http://sumo.dlr.de/xsd/net_file.xsd">

    <location netOffset="0.00,0.00" convBoundary="0.00,0.00,1100.00,1100.00" origBoundary="-10000000000.00,-10000000000.00,10000000000.00,10000000000.00" projParameter="!"/>

    <edge id=":Int1_0" function="internal">
        <lane id=":Int1_0_0" index="0" speed="13.89" length="0.10" shape="94.34,105.66 94.34,105.66"/>
        <lane id=":Int1_0_1" index="1" speed="13.89" length="0.10" shape="96.61,103.39 96.61,103.39"/>
        <lane id=":Int1_0_2" index="2" speed="13.89" length="0.10" shape="98.87,101.13 98.87,101.13"/>
    </edge>
    <edge id=":Int1_3" function="internal">
        <lane id=":Int1_3_0" index="0" speed="13.89" length="0.10" shape="105.66,94.34 105.66,94.34"/>
        <lane id=":Int1_3_1" index="1" speed="13.89" length="0.10" shape="103.39,96.61 103.39,96.61"/>
        <lane id=":Int1_3_2" index="2" speed="13.89" length="0.10" shape="101.13,98.87 101.13,98.87"/>
    </edge>
    <edge id=":Int10_0" function="internal">
        <lane id=":Int10_0_0" index="0" speed="13.89" length="0.10" shape="994.34,1005.66 994.34,1005.66"/>
        <lane id=":Int10_0_1" index="1" speed="13.89" length="0.10" shape="996.61,1003.39 996.61,1003.39"/>
        <lane id=":Int10_0_2" index="2" speed="13.89" length="0.10" shape="998.87,1001.13 998.87,1001.13"/>
    </edge>
    <edge id=":Int10_3" function="internal">
        <lane id=":Int10_3_0" index="0" speed="13.89" length="0.10" shape="1005.66,994.34 1005.66,994.34"/>
        <lane id=":Int10_3_1" index="1" speed="13.89" length="0.10" shape="1003.39,996.61 1003.39,996.61"/>
        <lane id=":Int10_3_2" index="2" speed="13.89" length="0.10" shape="1001.13,998.87 1001.13,998.87"/>
    </edge>
    <edge id=":Int2_0" function="internal">
        <lane id=":Int2_0_0" index="0" speed="13.89" length="0.10" shape="194.34,205.66 194.34,205.66"/>
        <lane id=":Int2_0_1" index="1" speed="13.89" length="0.10" shape="196.61,203.39 196.61,203.39"/>
        <lane id=":Int2_0_2" index="2" speed="13.89" length="0.10" shape="198.87,201.13 198.87,201.13"/>
    </edge>
    <edge id=":Int2_3" function="internal">
        <lane id=":Int2_3_0" index="0" speed="13.89" length="0.10" shape="205.66,194.34 205.66,194.34"/>
        <lane id=":Int2_3_1" index="1" speed="13.89" length="0.10" shape="203.39,196.61 203.39,196.61"/>
        <lane id=":Int2_3_2" index="2" speed="13.89" length="0.10" shape="201.13,198.87 201.13,198.87"/>
    </edge>
    <edge id=":Int3_0" function="internal">
        <lane id=":Int3_0_0" index="0" speed="13.89" length="0.10" shape="294.34,305.66 294.34,305.66"/>
        <lane id=":Int3_0_1" index="1" speed="13.89" length="0.10" shape="296.61,303.39 296.61,303.39"/>
        <lane id=":Int3_0_2" index="2" speed="13.89" length="0.10" shape="298.87,301.13 298.87,301.13"/>
    </edge>
    <edge id=":Int3_3" function="internal">
        <lane id=":Int3_3_0" index="0" speed="13.89" length="0.10" shape="305.66,294.34 305.66,294.34"/>
        <lane id=":Int3_3_1" index="1" speed="13.89" length="0.10" shape="303.39,296.61 303.39,296.61"/>
        <lane id=":Int3_3_2" index="2" speed="13.89" length="0.10" shape="301.13,298.87 301.13,298.87"/>
    </edge>
    <edge id=":Int4_0" function="internal">
        <lane id=":Int4_0_0" index="0" speed="13.89" length="0.10" shape="394.34,405.66 394.34,405.66"/>
        <lane id=":Int4_0_1" index="1" speed="13.89" length="0.10" shape="396.61,403.39 396.61,403.39"/>
        <lane id=":Int4_0_2" index="2" speed="13.89" length="0.10" shape="398.87,401.13 398.87,401.13"/>
    </edge>
    <edge id=":Int4_3" function="internal">
        <lane id=":Int4_3_0" index="0" speed="13.89" length="0.10" shape="405.66,394.34 405.66,394.34"/>
        <lane id=":Int4_3_1" index="1" speed="13.89" length="0.10" shape="403.39,396.61 403.39,396.61"/>
        <lane id=":Int4_3_2" index="2" speed="13.89" length="0.10" shape="401.13,398.87 401.13,398.87"/>
    </edge>
    <edge id=":Int5_0" function="internal">
        <lane id=":Int5_0_0" index="0" speed="13.89" length="0.10" shape="494.34,505.66 494.34,505.66"/>
        <lane id=":Int5_0_1" index="1" speed="13.89" length="0.10" shape="496.61,503.39 496.61,503.39"/>
        <lane id=":Int5_0_2" index="2" speed="13.89" length="0.10" shape="498.87,501.13 498.87,501.13"/>
    </edge>
    <edge id=":Int5_3" function="internal">
        <lane id=":Int5_3_0" index="0" speed="13.89" length="0.10" shape="505.66,494.34 505.66,494.34"/>
        <lane id=":Int5_3_1" index="1" speed="13.89" length="0.10" shape="503.39,496.61 503.39,496.61"/>
        <lane id=":Int5_3_2" index="2" speed="13.89" length="0.10" shape="501.13,498.87 501.13,498.87"/>
    </edge>
    <edge id=":Int6_0" function="internal">
        <lane id=":Int6_0_0" index="0" speed="13.89" length="0.10" shape="594.34,605.66 594.34,605.66"/>
        <lane id=":Int6_0_1" index="1" speed="13.89" length="0.10" shape="596.61,603.39 596.61,603.39"/>
        <lane id=":Int6_0_2" index="2" speed="13.89" length="0.10" shape="598.87,601.13 598.87,601.13"/>
    </edge>
    <edge id=":Int6_3" function="internal">
        <lane id=":Int6_3_0" index="0" speed="13.89" length="0.10" shape="605.66,594.34 605.66,594.34"/>
        <lane id=":Int6_3_1" index="1" speed="13.89" length="0.10" shape="603.39,596.61 603.39,596.61"/>
        <lane id=":Int6_3_2" index="2" speed="13.89" length="0.10" shape="601.13,598.87 601.13,598.87"/>
    </edge>
    <edge id=":Int7_0" function="internal">
        <lane id=":Int7_0_0" index="0" speed="13.89" length="0.10" shape="694.34,705.66 694.34,705.66"/>
        <lane id=":Int7_0_1" index="1" speed="13.89" length="0.10" shape="696.61,703.39 696.61,703.39"/>
        <lane id=":Int7_0_2" index="2" speed="13.89" length="0.10" shape="698.87,701.13 698.87,701.13"/>
    </edge>
    <edge id=":Int7_3" function="internal">
        <lane id=":Int7_3_0" index="0" speed="13.89" length="0.10" shape="705.66,694.34 705.66,694.34"/>
        <lane id=":Int7_3_1" index="1" speed="13.89" length="0.10" shape="703.39,696.61 703.39,696.61"/>
        <lane id=":Int7_3_2" index="2" speed="13.89" length="0.10" shape="701.13,698.87 701.13,698.87"/>
    </edge>
    <edge id=":Int8_0" function="internal">
        <lane id=":Int8_0_0" index="0" speed="13.89" length="0.10" shape="794.34,805.66 794.34,805.66"/>
        <lane id=":Int8_0_1" index="1" speed="13.89" length="0.10" shape="796.61,803.39 796.61,803.39"/>
        <lane id=":Int8_0_2" index="2" speed="13.89" length="0.10" shape="798.87,801.13 798.87,801.13"/>
    </edge>
    <edge id=":Int8_3" function="internal">
        <lane id=":Int8_3_0" index="0" speed="13.89" length="0.10" shape="805.66,794.34 805.66,794.34"/>
        <lane id=":Int8_3_1" index="1" speed="13.89" length="0.10" shape="803.39,796.61 803.39,796.61"/>
        <lane id=":Int8_3_2" index="2" speed="13.89" length="0.10" shape="801.13,798.87 801.13,798.87"/>
    </edge>
    <edge id=":Int9_0" function="internal">
        <lane id=":Int9_0_0" index="0" speed="13.89" length="0.10" shape="894.34,905.66 894.34,905.66"/>
        <lane id=":Int9_0_1" index="1" speed="13.89" length="0.10" shape="896.61,903.39 896.61,903.39"/>
        <lane id=":Int9_0_2" index="2" speed="13.89" length="0.10" shape="898.87,901.13 898.87,901.13"/>
    </edge>
    <edge id=":Int9_3" function="internal">
        <lane id=":Int9_3_0" index="0" speed="13.89" length="0.10" shape="905.66,894.34 905.66,894.34"/>
        <lane id=":Int9_3_1" index="1" speed="13.89" length="0.10" shape="903.39,896.61 903.39,896.61"/>
        <lane id=":Int9_3_2" index="2" speed="13.89" length="0.10" shape="901.13,898.87 901.13,898.87"/>
    </edge>

    <edge id="Left01" from="Int1" to="BottomStart" priority="-1">
        <lane id="Left01_0" index="0" speed="13.89" length="141.42" shape="94.34,105.66 -5.66,5.66"/>
        <lane id="Left01_1" index="1" speed="13.89" length="141.42" shape="96.61,103.39 -3.39,3.39"/>
        <lane id="Left01_2" index="2" speed="13.89" length="141.42" shape="98.87,101.13 -1.13,1.13"/>
    </edge>
    <edge id="Left1011" from="TopEnd" to="Int10" priority="-1">
        <lane id="Left1011_0" index="0" speed="13.89" length="141.42" shape="1094.34,1105.66 994.34,1005.66"/>
        <lane id="Left1011_1" index="1" speed="13.89" length="141.42" shape="1096.61,1103.39 996.61,1003.39"/>
        <lane id="Left1011_2" index="2" speed="13.89" length="141.42" shape="1098.87,1101.13 998.87,1001.13"/>
    </edge>
    <edge id="Left12" from="Int2" to="Int1" priority="-1">
        <lane id="Left12_0" index="0" speed="13.89" length="141.42" shape="194.34,205.66 94.34,105.66"/>
        <lane id="Left12_1" index="1" speed="13.89" length="141.42" shape="196.61,203.39 96.61,103.39"/>
        <lane id="Left12_2" index="2" speed="13.89" length="141.42" shape="198.87,201.13 98.87,101.13"/>
    </edge>
    <edge id="Left23" from="Int3" to="Int2" priority="-1">
        <lane id="Left23_0" index="0" speed="13.89" length="141.42" shape="294.34,305.66 194.34,205.66"/>
        <lane id="Left23_1" index="1" speed="13.89" length="141.42" shape="296.61,303.39 196.61,203.39"/>
        <lane id="Left23_2" index="2" speed="13.89" length="141.42" shape="298.87,301.13 198.87,201.13"/>
    </edge>
    <edge id="Left34" from="Int4" to="Int3" priority="-1">
        <lane id="Left34_0" index="0" speed="13.89" length="141.42" shape="394.34,405.66 294.34,305.66"/>
        <lane id="Left34_1" index="1" speed="13.89" length="141.42" shape="396.61,403.39 296.61,303.39"/>
        <lane id="Left34_2" index="2" speed="13.89" length="141.42" shape="398.87,401.13 298.87,301.13"/>
    </edge>
    <edge id="Left45" from="Int5" to="Int4" priority="-1">
        <lane id="Left45_0" index="0" speed="13.89" length="141.42" shape="494.34,505.66 394.34,405.66"/>
        <lane id="Left45_1" index="1" speed="13.89" length="141.42" shape="496.61,503.39 396.61,403.39"/>
        <lane id="Left45_2" index="2" speed="13.89" length="141.42" shape="498.87,501.13 398.87,401.13"/>
    </edge>
    <edge id="Left56" from="Int6" to="Int5" priority="-1">
        <lane id="Left56_0" index="0" speed="13.89" length="141.42" shape="594.34,605.66 494.34,505.66"/>
        <lane id="Left56_1" index="1" speed="13.89" length="141.42" shape="596.61,603.39 496.61,503.39"/>
        <lane id="Left56_2" index="2" speed="13.89" length="141.42" shape="598.87,601.13 498.87,501.13"/>
    </edge>
    <edge id="Left67" from="Int7" to="Int6" priority="-1">
        <lane id="Left67_0" index="0" speed="13.89" length="141.42" shape="694.34,705.66 594.34,605.66"/>
        <lane id="Left67_1" index="1" speed="13.89" length="141.42" shape="696.61,703.39 596.61,603.39"/>
        <lane id="Left67_2" index="2" speed="13.89" length="141.42" shape="698.87,701.13 598.87,601.13"/>
    </edge>
    <edge id="Left78" from="Int8" to="Int7" priority="-1">
        <lane id="Left78_0" index="0" speed="13.89" length="141.42" shape="794.34,805.66 694.34,705.66"/>
        <lane id="Left78_1" index="1" speed="13.89" length="141.42" shape="796.61,803.39 696.61,703.39"/>
        <lane id="Left78_2" index="2" speed="13.89" length="141.42" shape="798.87,801.13 698.87,701.13"/>
    </edge>
    <edge id="Left89" from="Int9" to="Int8" priority="-1">
        <lane id="Left89_0" index="0" speed="13.89" length="141.42" shape="894.34,905.66 794.34,805.66"/>
        <lane id="Left89_1" index="1" speed="13.89" length="141.42" shape="896.61,903.39 796.61,803.39"/>
        <lane id="Left89_2" index="2" speed="13.89" length="141.42" shape="898.87,901.13 798.87,801.13"/>
    </edge>
    <edge id="Left910" from="Int10" to="Int9" priority="-1">
        <lane id="Left910_0" index="0" speed="13.89" length="141.42" shape="994.34,1005.66 894.34,905.66"/>
        <lane id="Left910_1" index="1" speed="13.89" length="141.42" shape="996.61,1003.39 896.61,903.39"/>
        <lane id="Left910_2" index="2" speed="13.89" length="141.42" shape="998.87,1001.13 898.87,901.13"/>
    </edge>
    <edge id="Right1011" from="Int10" to="TopEnd" priority="-1">
        <lane id="Right1011_0" index="0" speed="13.89" length="141.42" shape="1005.66,994.34 1105.66,1094.34"/>
        <lane id="Right1011_1" index="1" speed="13.89" length="141.42" shape="1003.39,996.61 1103.39,1096.61"/>
        <lane id="Right1011_2" index="2" speed="13.89" length="141.42" shape="1001.13,998.87 1101.13,1098.87"/>
    </edge>
    <edge id="Right01" from="BottomStart" to="Int1" priority="-1">
        <lane id="Right01_0" index="0" speed="13.89" length="141.42" shape="5.66,-5.66 105.66,94.34"/>
        <lane id="Right01_1" index="1" speed="13.89" length="141.42" shape="3.39,-3.39 103.39,96.61"/>
        <lane id="Right01_2" index="2" speed="13.89" length="141.42" shape="1.13,-1.13 101.13,98.87"/>
    </edge>
    <edge id="Right12" from="Int1" to="Int2" priority="-1">
        <lane id="Right12_0" index="0" speed="13.89" length="141.42" shape="105.66,94.34 205.66,194.34"/>
        <lane id="Right12_1" index="1" speed="13.89" length="141.42" shape="103.39,96.61 203.39,196.61"/>
        <lane id="Right12_2" index="2" speed="13.89" length="141.42" shape="101.13,98.87 201.13,198.87"/>
    </edge>
    <edge id="Right23" from="Int2" to="Int3" priority="-1">
        <lane id="Right23_0" index="0" speed="13.89" length="141.42" shape="205.66,194.34 305.66,294.34"/>
        <lane id="Right23_1" index="1" speed="13.89" length="141.42" shape="203.39,196.61 303.39,296.61"/>
        <lane id="Right23_2" index="2" speed="13.89" length="141.42" shape="201.13,198.87 301.13,298.87"/>
    </edge>
    <edge id="Right34" from="Int3" to="Int4" priority="-1">
        <lane id="Right34_0" index="0" speed="13.89" length="141.42" shape="305.66,294.34 405.66,394.34"/>
        <lane id="Right34_1" index="1" speed="13.89" length="141.42" shape="303.39,296.61 403.39,396.61"/>
        <lane id="Right34_2" index="2" speed="13.89" length="141.42" shape="301.13,298.87 401.13,398.87"/>
    </edge>
    <edge id="Right45" from="Int4" to="Int5" priority="-1">
        <lane id="Right45_0" index="0" speed="13.89" length="141.42" shape="405.66,394.34 505.66,494.34"/>
        <lane id="Right45_1" index="1" speed="13.89" length="141.42" shape="403.39,396.61 503.39,496.61"/>
        <lane id="Right45_2" index="2" speed="13.89" length="141.42" shape="401.13,398.87 501.13,498.87"/>
    </edge>
    <edge id="Right56" from="Int5" to="Int6" priority="-1">
        <lane id="Right56_0" index="0" speed="13.89" length="141.42" shape="505.66,494.34 605.66,594.34"/>
        <lane id="Right56_1" index="1" speed="13.89" length="141.42" shape="503.39,496.61 603.39,596.61"/>
        <lane id="Right56_2" index="2" speed="13.89" length="141.42" shape="501.13,498.87 601.13,598.87"/>
    </edge>
    <edge id="Right67" from="Int6" to="Int7" priority="-1">
        <lane id="Right67_0" index="0" speed="13.89" length="141.42" shape="605.66,594.34 705.66,694.34"/>
        <lane id="Right67_1" index="1" speed="13.89" length="141.42" shape="603.39,596.61 703.39,696.61"/>
        <lane id="Right67_2" index="2" speed="13.89" length="141.42" shape="601.13,598.87 701.13,698.87"/>
    </edge>
    <edge id="Right78" from="Int7" to="Int8" priority="-1">
        <lane id="Right78_0" index="0" speed="13.89" length="141.42" shape="705.66,694.34 805.66,794.34"/>
        <lane id="Right78_1" index="1" speed="13.89" length="141.42" shape="703.39,696.61 803.39,796.61"/>
        <lane id="Right78_2" index="2" speed="13.89" length="141.42" shape="701.13,698.87 801.13,798.87"/>
    </edge>
    <edge id="Right89" from="Int8" to="Int9" priority="-1">
        <lane id="Right89_0" index="0" speed="13.89" length="141.42" shape="805.66,794.34 905.66,894.34"/>
        <lane id="Right89_1" index="1" speed="13.89" length="141.42" shape="803.39,796.61 903.39,896.61"/>
        <lane id="Right89_2" index="2" speed="13.89" length="141.42" shape="801.13,798.87 901.13,898.87"/>
    </edge>
    <edge id="Right910" from="Int9" to="Int10" priority="-1">
        <lane id="Right910_0" index="0" speed="13.89" length="141.42" shape="905.66,894.34 1005.66,994.34"/>
        <lane id="Right910_1" index="1" speed="13.89" length="141.42" shape="903.39,896.61 1003.39,996.61"/>
        <lane id="Right910_2" index="2" speed="13.89" length="141.42" shape="901.13,898.87 1001.13,998.87"/>
    </edge>

    <junction id="BottomStart" type="dead_end" x="0.00" y="0.00" incLanes="Left01_0 Left01_1 Left01_2" intLanes="" shape="0.00,0.00 -6.79,6.79 0.00,0.00"/>
    <junction id="Int1" type="priority" x="100.00" y="100.00" incLanes="Left12_0 Left12_1 Left12_2 Right01_0 Right01_1 Right01_2" intLanes=":Int1_0_0 :Int1_0_1 :Int1_0_2 :Int1_3_0 :Int1_3_1 :Int1_3_2" shape="93.21,106.79 106.79,93.21 93.21,106.79">
        <request index="0" response="000000" foes="000000" cont="0"/>
        <request index="1" response="000000" foes="000000" cont="0"/>
        <request index="2" response="000000" foes="000000" cont="0"/>
        <request index="3" response="000000" foes="000000" cont="0"/>
        <request index="4" response="000000" foes="000000" cont="0"/>
        <request index="5" response="000000" foes="000000" cont="0"/>
    </junction>
    <junction id="Int10" type="priority" x="1000.00" y="1000.00" incLanes="Left1011_0 Left1011_1 Left1011_2 Right910_0 Right910_1 Right910_2" intLanes=":Int10_0_0 :Int10_0_1 :Int10_0_2 :Int10_3_0 :Int10_3_1 :Int10_3_2" shape="993.21,1006.79 1006.79,993.21 993.21,1006.79">
        <request index="0" response="000000" foes="000000" cont="0"/>
        <request index="1" response="000000" foes="000000" cont="0"/>
        <request index="2" response="000000" foes="000000" cont="0"/>
        <request index="3" response="000000" foes="000000" cont="0"/>
        <request index="4" response="000000" foes="000000" cont="0"/>
        <request index="5" response="000000" foes="000000" cont="0"/>
    </junction>
    <junction id="Int2" type="priority" x="200.00" y="200.00" incLanes="Left23_0 Left23_1 Left23_2 Right12_0 Right12_1 Right12_2" intLanes=":Int2_0_0 :Int2_0_1 :Int2_0_2 :Int2_3_0 :Int2_3_1 :Int2_3_2" shape="193.21,206.79 206.79,193.21 193.21,206.79">
        <request index="0" response="000000" foes="000000" cont="0"/>
        <request index="1" response="000000" foes="000000" cont="0"/>
        <request index="2" response="000000" foes="000000" cont="0"/>
        <request index="3" response="000000" foes="000000" cont="0"/>
        <request index="4" response="000000" foes="000000" cont="0"/>
        <request index="5" response="000000" foes="000000" cont="0"/>
    </junction>
    <junction id="Int3" type="priority" x="300.00" y="300.00" incLanes="Left34_0 Left34_1 Left34_2 Right23_0 Right23_1 Right23_2" intLanes=":Int3_0_0 :Int3_0_1 :Int3_0_2 :Int3_3_0 :Int3_3_1 :Int3_3_2" shape="293.21,306.79 306.79,293.21 293.21,306.79">
        <request index="0" response="000000" foes="000000" cont="0"/>
        <request index="1" response="000000" foes="000000" cont="0"/>
        <request index="2" response="000000" foes="000000" cont="0"/>
        <request index="3" response="000000" foes="000000" cont="0"/>
        <request index="4" response="000000" foes="000000" cont="0"/>
        <request index="5" response="000000" foes="000000" cont="0"/>
    </junction>
    <junction id="Int4" type="priority" x="400.00" y="400.00" incLanes="Left45_0 Left45_1 Left45_2 Right34_0 Right34_1 Right34_2" intLanes=":Int4_0_0 :Int4_0_1 :Int4_0_2 :Int4_3_0 :Int4_3_1 :Int4_3_2" shape="393.21,406.79 406.79,393.21 393.21,406.79">
        <request index="0" response="000000" foes="000000" cont="0"/>
        <request index="1" response="000000" foes="000000" cont="0"/>
        <request index="2" response="000000" foes="000000" cont="0"/>
        <request index="3" response="000000" foes="000000" cont="0"/>
        <request index="4" response="000000" foes="000000" cont="0"/>
        <request index="5" response="000000" foes="000000" cont="0"/>
    </junction>
    <junction id="Int5" type="priority" x="500.00" y="500.00" incLanes="Left56_0 Left56_1 Left56_2 Right45_0 Right45_1 Right45_2" intLanes=":Int5_0_0 :Int5_0_1 :Int5_0_2 :Int5_3_0 :Int5_3_1 :Int5_3_2" shape="493.21,506.79 506.79,493.21 493.21,506.79">
        <request index="0" response="000000" foes="000000" cont="0"/>
        <request index="1" response="000000" foes="000000" cont="0"/>
        <request index="2" response="000000" foes="000000" cont="0"/>
        <request index="3" response="000000" foes="000000" cont="0"/>
        <request index="4" response="000000" foes="000000" cont="0"/>
        <request index="5" response="000000" foes="000000" cont="0"/>
    </junction>
    <junction id="Int6" type="priority" x="600.00" y="600.00" incLanes="Left67_0 Left67_1 Left67_2 Right56_0 Right56_1 Right56_2" intLanes=":Int6_0_0 :Int6_0_1 :Int6_0_2 :Int6_3_0 :Int6_3_1 :Int6_3_2" shape="593.21,606.79 606.79,593.21 593.21,606.79">
        <request index="0" response="000000" foes="000000" cont="0"/>
        <request index="1" response="000000" foes="000000" cont="0"/>
        <request index="2" response="000000" foes="000000" cont="0"/>
        <request index="3" response="000000" foes="000000" cont="0"/>
        <request index="4" response="000000" foes="000000" cont="0"/>
        <request index="5" response="000000" foes="000000" cont="0"/>
    </junction>
    <junction id="Int7" type="priority" x="700.00" y="700.00" incLanes="Left78_0 Left78_1 Left78_2 Right67_0 Right67_1 Right67_2" intLanes=":Int7_0_0 :Int7_0_1 :Int7_0_2 :Int7_3_0 :Int7_3_1 :Int7_3_2" shape="693.21,706.79 706.79,693.21 693.21,706.79">
        <request index="0" response="000000" foes="000000" cont="0"/>
        <request index="1" response="000000" foes="000000" cont="0"/>
        <request index="2" response="000000" foes="000000" cont="0"/>
        <request index="3" response="000000" foes="000000" cont="0"/>
        <request index="4" response="000000" foes="000000" cont="0"/>
        <request index="5" response="000000" foes="000000" cont="0"/>
    </junction>
    <junction id="Int8" type="priority" x="800.00" y="800.00" incLanes="Left89_0 Left89_1 Left89_2 Right78_0 Right78_1 Right78_2" intLanes=":Int8_0_0 :Int8_0_1 :Int8_0_2 :Int8_3_0 :Int8_3_1 :Int8_3_2" shape="793.21,806.79 806.79,793.21 793.21,806.79">
        <request index="0" response="000000" foes="000000" cont="0"/>
        <request index="1" response="000000" foes="000000" cont="0"/>
        <request index="2" response="000000" foes="000000" cont="0"/>
        <request index="3" response="000000" foes="000000" cont="0"/>
        <request index="4" response="000000" foes="000000" cont="0"/>
        <request index="5" response="000000" foes="000000" cont="0"/>
    </junction>
    <junction id="Int9" type="priority" x="900.00" y="900.00" incLanes="Left910_0 Left910_1 Left910_2 Right89_0 Right89_1 Right89_2" intLanes=":Int9_0_0 :Int9_0_1 :Int9_0_2 :Int9_3_0 :Int9_3_1 :Int9_3_2" shape="893.21,906.79 906.79,893.21 893.21,906.79">
        <request index="0" response="000000" foes="000000" cont="0"/>
        <request index="1" response="000000" foes="000000" cont="0"/>
        <request index="2" response="000000" foes="000000" cont="0"/>
        <request index="3" response="000000" foes="000000" cont="0"/>
        <request index="4" response="000000" foes="000000" cont="0"/>
        <request index="5" response="000000" foes="000000" cont="0"/>
    </junction>
    <junction id="TopEnd" type="dead_end" x="1100.00" y="1100.00" incLanes="Right1011_0 Right1011_1 Right1011_2" intLanes="" shape="1100.00,1100.00 1106.79,1093.21 1100.00,1100.00"/>

    <connection from="Left1011" to="Left910" fromLane="0" toLane="0" via=":Int10_0_0" dir="s" state="M"/>
    <connection from="Left1011" to="Left910" fromLane="1" toLane="1" via=":Int10_0_1" dir="s" state="M"/>
    <connection from="Left1011" to="Left910" fromLane="2" toLane="2" via=":Int10_0_2" dir="s" state="M"/>
    <connection from="Left12" to="Left01" fromLane="0" toLane="0" via=":Int1_0_0" dir="s" state="M"/>
    <connection from="Left12" to="Left01" fromLane="1" toLane="1" via=":Int1_0_1" dir="s" state="M"/>
    <connection from="Left12" to="Left01" fromLane="2" toLane="2" via=":Int1_0_2" dir="s" state="M"/>
    <connection from="Left23" to="Left12" fromLane="0" toLane="0" via=":Int2_0_0" dir="s" state="M"/>
    <connection from="Left23" to="Left12" fromLane="1" toLane="1" via=":Int2_0_1" dir="s" state="M"/>
    <connection from="Left23" to="Left12" fromLane="2" toLane="2" via=":Int2_0_2" dir="s" state="M"/>
    <connection from="Left34" to="Left23" fromLane="0" toLane="0" via=":Int3_0_0" dir="s" state="M"/>
    <connection from="Left34" to="Left23" fromLane="1" toLane="1" via=":Int3_0_1" dir="s" state="M"/>
    <connection from="Left34" to="Left23" fromLane="2" toLane="2" via=":Int3_0_2" dir="s" state="M"/>
    <connection from="Left45" to="Left34" fromLane="0" toLane="0" via=":Int4_0_0" dir="s" state="M"/>
    <connection from="Left45" to="Left34" fromLane="1" toLane="1" via=":Int4_0_1" dir="s" state="M"/>
    <connection from="Left45" to="Left34" fromLane="2" toLane="2" via=":Int4_0_2" dir="s" state="M"/>
    <connection from="Left56" to="Left45" fromLane="0" toLane="0" via=":Int5_0_0" dir="s" state="M"/>
    <connection from="Left56" to="Left45" fromLane="1" toLane="1" via=":Int5_0_1" dir="s" state="M"/>
    <connection from="Left56" to="Left45" fromLane="2" toLane="2" via=":Int5_0_2" dir="s" state="M"/>
    <connection from="Left67" to="Left56" fromLane="0" toLane="0" via=":Int6_0_0" dir="s" state="M"/>
    <connection from="Left67" to="Left56" fromLane="1" toLane="1" via=":Int6_0_1" dir="s" state="M"/>
    <connection from="Left67" to="Left56" fromLane="2" toLane="2" via=":Int6_0_2" dir="s" state="M"/>
    <connection from="Left78" to="Left67" fromLane="0" toLane="0" via=":Int7_0_0" dir="s" state="M"/>
    <connection from="Left78" to="Left67" fromLane="1" toLane="1" via=":Int7_0_1" dir="s" state="M"/>
    <connection from="Left78" to="Left67" fromLane="2" toLane="2" via=":Int7_0_2" dir="s" state="M"/>
    <connection from="Left89" to="Left78" fromLane="0" toLane="0" via=":Int8_0_0" dir="s" state="M"/>
    <connection from="Left89" to="Left78" fromLane="1" toLane="1" via=":Int8_0_1" dir="s" state="M"/>
    <connection from="Left89" to="Left78" fromLane="2" toLane="2" via=":Int8_0_2" dir="s" state="M"/>
    <connection from="Left910" to="Left89" fromLane="0" toLane="0" via=":Int9_0_0" dir="s" state="M"/>
    <connection from="Left910" to="Left89" fromLane="1" toLane="1" via=":Int9_0_1" dir="s" state="M"/>
    <connection from="Left910" to="Left89" fromLane="2" toLane="2" via=":Int9_0_2" dir="s" state="M"/>
    <connection from="Right01" to="Right12" fromLane="0" toLane="0" via=":Int1_3_0" dir="s" state="M"/>
    <connection from="Right01" to="Right12" fromLane="1" toLane="1" via=":Int1_3_1" dir="s" state="M"/>
    <connection from="Right01" to="Right12" fromLane="2" toLane="2" via=":Int1_3_2" dir="s" state="M"/>
    <connection from="Right12" to="Right23" fromLane="0" toLane="0" via=":Int2_3_0" dir="s" state="M"/>
    <connection from="Right12" to="Right23" fromLane="1" toLane="1" via=":Int2_3_1" dir="s" state="M"/>
    <connection from="Right12" to="Right23" fromLane="2" toLane="2" via=":Int2_3_2" dir="s" state="M"/>
    <connection from="Right23" to="Right34" fromLane="0" toLane="0" via=":Int3_3_0" dir="s" state="M"/>
    <connection from="Right23" to="Right34" fromLane="1" toLane="1" via=":Int3_3_1" dir="s" state="M"/>
    <connection from="Right23" to="Right34" fromLane="2" toLane="2" via=":Int3_3_2" dir="s" state="M"/>
    <connection from="Right34" to="Right45" fromLane="0" toLane="0" via=":Int4_3_0" dir="s" state="M"/>
    <connection from="Right34" to="Right45" fromLane="1" toLane="1" via=":Int4_3_1" dir="s" state="M"/>
    <connection from="Right34" to="Right45" fromLane="2" toLane="2" via=":Int4_3_2" dir="s" state="M"/>
    <connection from="Right45" to="Right56" fromLane="0" toLane="0" via=":Int5_3_0" dir="s" state="M"/>
    <connection from="Right45" to="Right56" fromLane="1" toLane="1" via=":Int5_3_1" dir="s" state="M"/>
    <connection from="Right45" to="Right56" fromLane="2" toLane="2" via=":Int5_3_2" dir="s" state="M"/>
    <connection from="Right56" to="Right67" fromLane="0" toLane="0" via=":Int6_3_0" dir="s" state="M"/>
    <connection from="Right56" to="Right67" fromLane="1" toLane="1" via=":Int6_3_1" dir="s" state="M"/>
    <connection from="Right56" to="Right67" fromLane="2" toLane="2" via=":Int6_3_2" dir="s" state="M"/>
    <connection from="Right67" to="Right78" fromLane="0" toLane="0" via=":Int7_3_0" dir="s" state="M"/>
    <connection from="Right67" to="Right78" fromLane="1" toLane="1" via=":Int7_3_1" dir="s" state="M"/>
    <connection from="Right67" to="Right78" fromLane="2" toLane="2" via=":Int7_3_2" dir="s" state="M"/>
    <connection from="Right78" to="Right89" fromLane="0" toLane="0" via=":Int8_3_0" dir="s" state="M"/>
    <connection from="Right78" to="Right89" fromLane="1" toLane="1" via=":Int8_3_1" dir="s" state="M"/>
    <connection from="Right78" to="Right89" fromLane="2" toLane="2" via=":Int8_3_2" dir="s" state="M"/>
    <connection from="Right89" to="Right910" fromLane="0" toLane="0" via=":Int9_3_0" dir="s" state="M"/>
    <connection from="Right89" to="Right910" fromLane="1" toLane="1" via=":Int9_3_1" dir="s" state="M"/>
    <connection from="Right89" to="Right910" fromLane="2" toLane="2" via=":Int9_3_2" dir="s" state="M"/>
    <connection from="Right910" to="Right1011" fromLane="0" toLane="0" via=":Int10_3_0" dir="s" state="M"/>
    <connection from="Right910" to="Right1011" fromLane="1" toLane="1" via=":Int10_3_1" dir="s" state="M"/>
    <connection from="Right910" to="Right1011" fromLane="2" toLane="2" via=":Int10_3_2" dir="s" state="M"/>

    <connection from=":Int1_0" to="Left01" fromLane="0" toLane="0" dir="s" state="M"/>
    <connection from=":Int1_0" to="Left01" fromLane="1" toLane="1" dir="s" state="M"/>
    <connection from=":Int1_0" to="Left01" fromLane="2" toLane="2" dir="s" state="M"/>
    <connection from=":Int1_3" to="Right12" fromLane="0" toLane="0" dir="s" state="M"/>
    <connection from=":Int1_3" to="Right12" fromLane="1" toLane="1" dir="s" state="M"/>
    <connection from=":Int1_3" to="Right12" fromLane="2" toLane="2" dir="s" state="M"/>
    <connection from=":Int10_0" to="Left910" fromLane="0" toLane="0" dir="s" state="M"/>
    <connection from=":Int10_0" to="Left910" fromLane="1" toLane="1" dir="s" state="M"/>
    <connection from=":Int10_0" to="Left910" fromLane="2" toLane="2" dir="s" state="M"/>
    <connection from=":Int10_3" to="Right1011" fromLane="0" toLane="0" dir="s" state="M"/>
    <connection from=":Int10_3" to="Right1011" fromLane="1" toLane="1" dir="s" state="M"/>
    <connection from=":Int10_3" to="Right1011" fromLane="2" toLane="2" dir="s" state="M"/>
    <connection from=":Int2_0" to="Left12" fromLane="0" toLane="0" dir="s" state="M"/>
    <connection from=":Int2_0" to="Left12" fromLane="1" toLane="1" dir="s" state="M"/>
    <connection from=":Int2_0" to="Left12" fromLane="2" toLane="2" dir="s" state="M"/>
    <connection from=":Int2_3" to="Right23" fromLane="0" toLane="0" dir="s" state="M"/>
    <connection from=":Int2_3" to="Right23" fromLane="1" toLane="1" dir="s" state="M"/>
    <connection from=":Int2_3" to="Right23" fromLane="2" toLane="2" dir="s" state="M"/>
    <connection from=":Int3_0" to="Left23" fromLane="0" toLane="0" dir="s" state="M"/>
    <connection from=":Int3_0" to="Left23" fromLane="1" toLane="1" dir="s" state="M"/>
    <connection from=":Int3_0" to="Left23" fromLane="2" toLane="2" dir="s" state="M"/>
    <connection from=":Int3_3" to="Right34" fromLane="0" toLane="0" dir="s" state="M"/>
    <connection from=":Int3_3" to="Right34" fromLane="1" toLane="1" dir="s" state="M"/>
    <connection from=":Int3_3" to="Right34" fromLane="2" toLane="2" dir="s" state="M"/>
    <connection from=":Int4_0" to="Left34" fromLane="0" toLane="0" dir="s" state="M"/>
    <connection from=":Int4_0" to="Left34" fromLane="1" toLane="1" dir="s" state="M"/>
    <connection from=":Int4_0" to="Left34" fromLane="2" toLane="2" dir="s" state="M"/>
    <connection from=":Int4_3" to="Right45" fromLane="0" toLane="0" dir="s" state="M"/>
    <connection from=":Int4_3" to="Right45" fromLane="1" toLane="1" dir="s" state="M"/>
    <connection from=":Int4_3" to="Right45" fromLane="2" toLane="2" dir="s" state="M"/>
    <connection from=":Int5_0" to="Left45" fromLane="0" toLane="0" dir="s" state="M"/>
    <connection from=":Int5_0" to="Left45" fromLane="1" toLane="1" dir="s" state="M"/>
    <connection from=":Int5_0" to="Left45" fromLane="2" toLane="2" dir="s" state="M"/>
    <connection from=":Int5_3" to="Right56" fromLane="0" toLane="0" dir="s" state="M"/>
    <connection from=":Int5_3" to="Right56" fromLane="1" toLane="1" dir="s" state="M"/>
    <connection from=":Int5_3" to="Right56" fromLane="2" toLane="2" dir="s" state="M"/>
    <connection from=":Int6_0" to="Left56" fromLane="0" toLane="0" dir="s" state="M"/>
    <connection from=":Int6_0" to="Left56" fromLane="1" toLane="1" dir="s" state="M"/>
    <connection from=":Int6_0" to="Left56" fromLane="2" toLane="2" dir="s" state="M"/>
    <connection from=":Int6_3" to="Right67" fromLane="0" toLane="0" dir="s" state="M"/>
    <connection from=":Int6_3" to="Right67" fromLane="1" toLane="1" dir="s" state="M"/>
    <connection from=":Int6_3" to="Right67" fromLane="2" toLane="2" dir="s" state="M"/>
    <connection from=":Int7_0" to="Left67" fromLane="0" toLane="0" dir="s" state="M"/>
    <connection from=":Int7_0" to="Left67" fromLane="1" toLane="1" dir="s" state="M"/>
    <connection from=":Int7_0" to="Left67" fromLane="2" toLane="2" dir="s" state="M"/>
    <connection from=":Int7_3" to="Right78" fromLane="0" toLane="0" dir="s" state="M"/>
    <connection from=":Int7_3" to="Right78" fromLane="1" toLane="1" dir="s" state="M"/>
    <connection from=":Int7_3" to="Right78" fromLane="2" toLane="2" dir="s" state="M"/>
    <connection from=":Int8_0" to="Left78" fromLane="0" toLane="0" dir="s" state="M"/>
    <connection from=":Int8_0" to="Left78" fromLane="1" toLane="1" dir="s" state="M"/>
    <connection from=":Int8_0" to="Left78" fromLane="2" toLane="2" dir="s" state="M"/>
    <connection from=":Int8_3" to="Right89" fromLane="0" toLane="0" dir="s" state="M"/>
    <connection from=":Int8_3" to="Right89" fromLane="1" toLane="1" dir="s" state="M"/>
    <connection from=":Int8_3" to="Right89" fromLane="2" toLane="2" dir="s" state="M"/>
    <connection from=":Int9_0" to="Left89" fromLane="0" toLane="0" dir="s" state="M"/>
    <connection from=":Int9_0" to="Left89" fromLane="1" toLane="1" dir="s" state="M"/>
    <connection from=":Int9_0" to="Left89" fromLane="2" toLane="2" dir="s" state="M"/>
    <connection from=":Int9_3" to="Right910" fromLane="0" toLane="0" dir="s" state="M"/>
    <connection from=":Int9_3" to="Right910" fromLane="1" toLane="1" dir="s" state="M"/>
    <connection from=":Int9_3" to="Right910" fromLane="2" toLane="2" dir="s" state="M"/>

</net>
